file,error_rate,correct_rate (recall),Gap_rate,error_count,correct_count,Gap,total_token,recall,precision,F1
4074,0.060386473,0.857487923,0.082125604,100,1420,136,1656,0.857487923,0.934724092,0.894441744
4315,0.649811321,0.119622642,0.230566038,1722,317,611,2650,0.649811321,0.875067313,0.745801841
4093,0.843391521,0.059351621,0.097256858,1691,119,195,2005,0.843391521,0.947219069,0.892295104
4247,0.07,0.789,0.141,140,1578,282,2000,0.789,0.92635423,0.852177906
4325,0.118921128,0.737637924,0.143440948,291,1805,351,2447,0.737637924,0.894630193,0.808584265
4335,0.701010101,0.111515152,0.187474747,1735,276,464,2475,0.701010101,0.880104712,0.780414285
4571,0.642170989,0.249759846,0.108069164,1337,520,225,2082,0.642170989,0.705524862,0.672358824
4595,0.651401869,0.202336449,0.146261682,1394,433,313,2140,0.651401869,0.787896254,0.713176908
,,,,,,,,0.733988956,0.86894009,0.79490636