file,error_rate,correct_rate (recall),Gap_rate,error_count,correct_count,Gap,total_token,recall,precision,F1,hyp_correct,,hyp_gap,hyp_token,new_recall,new_precision,New_F1,DER
4074,0.060386473,0.857487923,0.082125604,100,1420,136,1656,0.857487923,0.934724092,0.894441744,1389,84,13,1486,0.934210526,0.942973523,0.938571571,0.142512077
4315,0.119622642,0.649811321,0.230566038,317,1722,611,2650,0.649811321,0.875067313,0.745801841,1625,1625,12,1857,0.844531633,0.880758808,0.862264876,0.350188679
4093,0.059351621,0.843391521,0.097256858,119,1691,195,2005,0.843391521,0.947219069,0.892295104,1669,1669,32,1762,0.934254144,0.964739884,0.949252311,0.156608479
4247,0.07,0.789,0.141,140,1578,282,2000,0.789,0.92635423,0.852177906,1522,112,9,1643,0.918509895,0.931456548,0.924937919,0.211
4325,0.118921128,0.737637924,0.143440948,291,1805,351,2447,0.737637924,0.894630193,0.808584265,1766,179,29,1974,0.861164122,0.907969152,0.883947489,0.262362076
4335,0.111515152,0.701010101,0.187474747,276,1735,464,2475,0.701010101,0.880104712,0.780414285,1681,1681,27,1910,0.862754848,0.892724376,0.877483792,0.298989899
4571,0.249759846,0.642170989,0.108069164,520,1337,225,2082,0.642170989,0.705524862,0.672358824,1277,1277,82,1810,0.71997846,0.73900463,0.729367487,0.357829011
4595,0.202336449,0.651401869,0.146261682,433,1394,313,2140,0.651401869,0.787896254,0.713176908,1367,1367,9,1735,0.762999453,0.792004635,0.77723153,0.348598131
avg,0.123986664,0.733988956,0.14202438,274.5,1585.25,322.125,2181.875,0.733988956,0.86894009,0.79490636,1537,999.25,26.625,1772.125,0.854800385,0.881453945,0.867882122,0.266011044