file,DER
4074,0.23128019323671498
4315,0.4573584905660377
4093,0.3167082294264339
4247,0.315
4325,0.3653453208009808
4335,0.37575757575757573
4571,0.2862632084534102
4595,0.35654205607476636
