file,error_rate,correct_rate (recall),Gap_rate,error_count,correct_count,Gap,total_token,recall,precision,F1,,,,,new_recall,new_precision,new_F1,DER
4074,0.063405797,0.902777778,0.033816425,105,1495,56,1656,0.902777778,0.91880075,0.910718793,1471,99,31,1601,0.934375,0.936942675,0.935657076,0.097222222
4315,0.143773585,0.758490566,0.097735849,381,2010,259,2650,0.758490566,0.850792254,0.801994392,1933,1933,29,2272,0.840652447,0.861792243,0.851091095,0.241509434
4093,0.045885287,0.887281796,0.066832918,92,1779,134,2005,0.887281796,0.948100589,0.91668352,1772,1772,45,1869,0.950828434,0.971491228,0.96104878,0.112718204
4247,0.039,0.907,0.054,78,1814,108,2000,0.907,0.938477581,0.92247034,1800,63,55,1918,0.958773784,0.966183575,0.962464418,0.093
4325,0.139354311,0.803024111,0.057621577,341,1965,141,2447,0.803024111,0.845423143,0.823678363,1958,1958,96,2316,0.852124892,0.881981982,0.866796404,0.196975889
4335,0.116363636,0.801212121,0.082424242,288,1983,204,2475,0.801212121,0.854795737,0.827137024,1925,1925,71,2252,0.87318362,0.88262265,0.877877763,0.198787879
4571,0.054755043,0.874639769,0.070605187,114,1821,147,2082,0.874639769,0.919938807,0.896717565,1804,1804,49,1961,0.941085271,0.943514644,0.942298392,0.125360231
4595,0.296728972,0.602336449,0.100934579,635,1289,216,2140,0.602336449,0.649678112,0.625112229,1211,635,18,1864,0.66995842,0.656013001,0.662912378,0.397663551
avg,0.112408329,0.817095324,0.070496347,254.25,1769.5,158.125,2181.875,0.817095324,0.865750871,0.840564028,1734.25,1273.625,49.25,2006.625,0.877622733,0.88756775,0.882518288,0.182904676