file,error_rate,correct_rate (recall),Gap_rate,error_count,correct_count,Gap,total_token,
4074,0.076086957,0.878623188,0.045289855,126,1455,75,1656,
4315,0.135849057,0.713207547,0.150566038,360,1890,399,2650,
4093,0.044389027,0.874314214,0.081296758,89,1753,163,2005,
4247,0.055,0.886,0.059,110,1772,118,2000,
4325,0.795668165,0.122599101,0.081732734,1947,300,200,2447,
4335,0.105858586,0.783030303,0.111111111,262,1938,275,2475,
4571,0.065802113,0.856388088,0.077809798,137,1783,162,2082,
4595,0.577102804,0.28271028,0.140186916,1235,605,300,2140,
4660,0.634989201,0.292440605,0.072570194,1470,677,168,2315,*