file,error_rate,correct_rate (recall),Gap_rate,error_count,correct_count,Gap,total_token,recall,precision,F1
4074,0.063405797,0.902777778,0.033816425,105,1495,56,1656,0.902777778,0.91880075,0.910718793
4315,0.758490566,0.143773585,0.097735849,2010,381,259,2650,0.758490566,0.850792254,0.801994392
4093,0.887281796,0.045885287,0.066832918,1779,92,134,2005,0.887281796,0.948100589,0.91668352
4247,0.039,0.907,0.054,78,1814,108,2000,0.907,0.938477581,0.92247034
4325,0.803024111,0.139354311,0.057621577,1965,341,141,2447,0.803024111,0.845423143,0.823678363
4335,0.801212121,0.116363636,0.082424242,1983,288,204,2475,0.801212121,0.854795737,0.827137024
4571,0.874639769,0.054755043,0.070605187,1821,114,147,2082,0.874639769,0.919938807,0.896717565
4595,0.296728972,0.602336449,0.100934579,635,1289,216,2140,0.602336449,0.649678112,0.625112229
,,,,,,,,0.817095324,0.865750871,0.840564028