file,DER
4074,0.2041062801932367
4315,0.4075471698113208
4093,0.2718204488778055
4247,0.241
4325,0.31875766244380876
4335,0.33414141414141413
4571,0.25504322766570603
4595,0.32242990654205606
