file,error_rate,correct_rate (recall),Gap_rate,error_count,correct_count,Gap,total_token,recall,precision,F1,Hyp_correct,Hyp_error,Hyp_gap,hyp_token_len,Precision_DER,Recall_DER,audio DER
4074,0.060386473,0.898550725,0.041062802,100,1488,68,1656,0.898550725,0.928794503,0.913422337,1487,101,13,1601,0.4672213,0.1147343,0.229122612
4315,0.107924528,0.74490566,0.147169811,286,1974,390,2650,0.74490566,0.868397887,0.801925345,1973,1973,12,2272,0.54101097,0.31962264,0.270446744
4093,0.033915212,0.890773067,0.075311721,68,1786,151,2005,0.890773067,0.955591225,0.922044399,1786,1786,15,1869,0.58351545,0.17605985,0.276083839
4247,0.0355,0.913,0.0515,71,1826,103,2000,0.913,0.951511992,0.931858258,1825,72,21,1918,0.38634178,0.1655,0.174932902
4325,0.123825092,0.80179812,0.074376788,303,1962,182,2447,0.80179812,0.847582038,0.824054638,1963,1963,51,2316,0.50457516,0.22476502,0.306694328
4335,0.107878788,0.798383838,0.093737374,267,1976,232,2475,0.798383838,0.876998224,0.83584661,1975,1975,9,2252,0.52708089,0.37252525,0.277007015
4571,0.073487032,0.865033622,0.061479347,153,1801,128,2082,0.865033622,0.918918919,0.891162452,1802,1802,7,1961,0.50659085,0.45725264,0.18875156
4595,0.3,0.569158879,0.130841121,642,1218,280,2140,0.569158879,0.653433476,0.608391608,1218,642,4,1864,0.5,0.47102804,0.409203789
,0.105364641,0.810200489,0.08443487,236.25,1753.875,191.75,2181.875,0.810200489,0.875153533,0.841088206,1753.625,1289.25,16.5,2006.625,0.50204205,0.287685968,0.266530349